review_id,firm_name,location,practice_area,source,review_date,rating,review_text,reviewer_role,case_type
PRA-0001,Prairie Estate Planning,"Naperville, IL",Estate Planning,Google,2025-07-29,4,I was disappointed with documents were explained in plain language and the process stayed on track They were professional and straightforward.,Business Owner,Document Review
PRA-0002,Prairie Estate Planning,"Naperville, IL",Estate Planning,Google,2026-01-09,5,Working with this firm was the process stayed on track I’d use them again.,Business Owner,Document Review
PRA-0003,Prairie Estate Planning,"Naperville, IL",Estate Planning,Google,2026-01-03,4,Working with this firm was billing was explained upfront I’d use them again.,Client,Appeal
PRA-0004,Prairie Estate Planning,"Naperville, IL",Estate Planning,Google,2026-03-01,5,I had a responses were quick I’d use them again.,Family Member,Completed Matter
PRA-0005,Prairie Estate Planning,"Naperville, IL",Estate Planning,Google,2025-12-06,4,I had a responses were quick and the process stayed on track I’d use them again.,Business Owner,Consultation
PRA-0006,Prairie Estate Planning,"Naperville, IL",Estate Planning,Google,2024-11-24,5,I’m grateful for the outcome met expectations and documents were explained in plain language They kept things moving.,Family Member,Consultation
PRA-0007,Prairie Estate Planning,"Naperville, IL",Estate Planning,Google,2026-01-16,3,I had a staff interactions were inconsistent Communication needs improvement.,Unknown,Ongoing Matter
PRA-0008,Prairie Estate Planning,"Naperville, IL",Estate Planning,Google,2025-12-29,4,"Overall, it was a billing was explained upfront I’d use them again.",Former Client,Ongoing Matter
PRA-0009,Prairie Estate Planning,"Naperville, IL",Estate Planning,Google,2026-01-18,5,"Overall, it was a documents were explained in plain language and everyone was professional I felt listened to.",Business Owner,Appeal
PRA-0010,Prairie Estate Planning,"Naperville, IL",Estate Planning,Google,2026-02-28,4,My experience here was communication was clear The team was respectful and efficient.,Client,Ongoing Matter
PRA-0011,Prairie Estate Planning,"Naperville, IL",Estate Planning,Google,2026-01-14,5,"Overall, it was a billing was explained upfront They were professional and straightforward.",Business Owner,Ongoing Matter
PRA-0012,Prairie Estate Planning,"Naperville, IL",Estate Planning,Google,2026-01-21,5,I would recommend billing was explained upfront and everyone was professional I felt listened to.,Former Client,Appeal
PRA-0013,Prairie Estate Planning,"Naperville, IL",Estate Planning,Google,2025-10-15,2,I’m grateful for updates were slow and billing felt confusing Deadlines felt unpredictable.,Former Client,Ongoing Matter
PRA-0014,Prairie Estate Planning,"Naperville, IL",Estate Planning,Google,2024-11-25,5,"Overall, it was a documents were explained in plain language I felt listened to.",Client,Appeal
PRA-0015,Prairie Estate Planning,"Naperville, IL",Estate Planning,Google,2026-02-14,3,I’m grateful for documents weren’t explained clearly I felt rushed and kept in the dark.,Client,Ongoing Matter
PRA-0016,Prairie Estate Planning,"Naperville, IL",Estate Planning,Google,2026-01-17,5,My experience here was everyone was professional The team was respectful and efficient.,Business Owner,Completed Matter
PRA-0017,Prairie Estate Planning,"Naperville, IL",Estate Planning,Google,2026-01-29,1,"Overall, it was a documents weren’t explained clearly Communication needs improvement.",Former Client,Document Review
PRA-0018,Prairie Estate Planning,"Naperville, IL",Estate Planning,Google,2025-12-04,5,My experience here was communication was clear They kept things moving.,Client,Consultation
PRA-0019,Prairie Estate Planning,"Naperville, IL",Estate Planning,Google,2024-09-11,4,I would recommend responses were quick I felt listened to.,Former Client,Document Review
PRA-0020,Prairie Estate Planning,"Naperville, IL",Estate Planning,Google,2025-12-30,4,My experience here was responses were quick and documents were explained in plain language They were professional and straightforward.,Former Client,Consultation
PRA-0021,Prairie Estate Planning,"Naperville, IL",Estate Planning,Google,2026-02-26,5,"Overall, it was a everyone was professional I’d use them again.",Family Member,Consultation
PRA-0022,Prairie Estate Planning,"Naperville, IL",Estate Planning,Google,2024-11-24,5,I’m grateful for the process stayed on track and everyone was professional They kept things moving.,Business Owner,Completed Matter
PRA-0023,Prairie Estate Planning,"Naperville, IL",Estate Planning,Google,2026-02-12,5,I would recommend everyone was professional and responses were quick They were professional and straightforward.,Unknown,Document Review
PRA-0024,Prairie Estate Planning,"Naperville, IL",Estate Planning,Google,2025-02-10,5,"Overall, it was a the process stayed on track They were professional and straightforward.",Unknown,Consultation
PRA-0025,Prairie Estate Planning,"Naperville, IL",Estate Planning,Google,2025-12-22,3,I was disappointed with the outcome was disappointing and the case dragged on longer than expected Deadlines felt unpredictable.,Unknown,Consultation
PRA-0026,Prairie Estate Planning,"Naperville, IL",Estate Planning,Google,2024-11-07,5,I was disappointed with responses were quick and the process stayed on track The team was respectful and efficient.,Client,Appeal
PRA-0027,Prairie Estate Planning,"Naperville, IL",Estate Planning,Google,2025-04-08,5,My experience here was the outcome met expectations They kept things moving.,Business Owner,Completed Matter
PRA-0028,Prairie Estate Planning,"Naperville, IL",Estate Planning,Google,2026-02-13,4,My experience here was the outcome met expectations and responses were quick I’d use them again.,Family Member,Ongoing Matter
PRA-0029,Prairie Estate Planning,"Naperville, IL",Estate Planning,Google,2025-12-09,5,I wouldn’t recommend the process stayed on track They were professional and straightforward.,Business Owner,Completed Matter
PRA-0030,Prairie Estate Planning,"Naperville, IL",Estate Planning,Google,2026-02-12,4,I’m grateful for communication was clear and billing was explained upfront They kept things moving.,Unknown,Completed Matter
PRA-0031,Prairie Estate Planning,"Naperville, IL",Estate Planning,Google,2025-05-26,5,I would recommend everyone was professional and the process stayed on track They were professional and straightforward.,Business Owner,Ongoing Matter
PRA-0032,Prairie Estate Planning,"Naperville, IL",Estate Planning,Google,2026-02-15,2,I was disappointed with the outcome was disappointing and the case dragged on longer than expected I expected more follow-through.,Family Member,Document Review
PRA-0033,Prairie Estate Planning,"Naperville, IL",Estate Planning,Google,2025-06-18,5,Working with this firm was communication was clear I’d use them again.,Client,Document Review
PRA-0034,Prairie Estate Planning,"Naperville, IL",Estate Planning,Google,2025-12-24,5,I’m grateful for billing was explained upfront and responses were quick They kept things moving.,Client,Document Review
PRA-0035,Prairie Estate Planning,"Naperville, IL",Estate Planning,Google,2025-08-09,5,I had a documents were explained in plain language and billing was explained upfront I’d use them again.,Client,Appeal
PRA-0036,Prairie Estate Planning,"Naperville, IL",Estate Planning,Google,2026-01-25,3,I would recommend the case dragged on longer than expected and the outcome was disappointing Billing clarity was lacking.,Former Client,Appeal
PRA-0037,Prairie Estate Planning,"Naperville, IL",Estate Planning,Google,2025-08-19,5,I was disappointed with the process stayed on track I felt listened to.,Client,Consultation
PRA-0038,Prairie Estate Planning,"Naperville, IL",Estate Planning,Google,2025-12-26,4,I would recommend the process stayed on track and communication was clear They were professional and straightforward.,Unknown,Appeal
PRA-0039,Prairie Estate Planning,"Naperville, IL",Estate Planning,Google,2024-12-12,5,I would recommend responses were quick and communication was clear The team was respectful and efficient.,Business Owner,Ongoing Matter
PRA-0040,Prairie Estate Planning,"Naperville, IL",Estate Planning,Google,2025-08-10,5,I would recommend the process stayed on track They kept things moving.,Family Member,Appeal
PRA-0041,Prairie Estate Planning,"Naperville, IL",Estate Planning,Google,2026-02-03,4,My experience here was communication was clear The team was respectful and efficient.,Former Client,Document Review
PRA-0042,Prairie Estate Planning,"Naperville, IL",Estate Planning,Google,2025-12-06,5,"Overall, it was a everyone was professional and communication was clear I’d use them again.",Unknown,Ongoing Matter
PRA-0043,Prairie Estate Planning,"Naperville, IL",Estate Planning,Google,2025-10-05,5,I was disappointed with responses were quick and the outcome met expectations They were professional and straightforward.,Unknown,Completed Matter
PRA-0044,Prairie Estate Planning,"Naperville, IL",Estate Planning,Google,2026-01-13,5,I’m grateful for the outcome met expectations and everyone was professional I’d use them again.,Client,Completed Matter
PRA-0045,Prairie Estate Planning,"Naperville, IL",Estate Planning,Google,2026-01-14,5,I would recommend billing was explained upfront and responses were quick I felt listened to.,Former Client,Document Review
PRA-0046,Prairie Estate Planning,"Naperville, IL",Estate Planning,Google,2024-10-19,4,I had a documents were explained in plain language and billing was explained upfront I felt listened to.,Unknown,Consultation
PRA-0047,Prairie Estate Planning,"Naperville, IL",Estate Planning,Google,2026-02-23,4,I would recommend communication was clear and billing was explained upfront I felt listened to.,Family Member,Ongoing Matter
PRA-0048,Prairie Estate Planning,"Naperville, IL",Estate Planning,Google,2024-11-23,4,I would recommend responses were quick and documents were explained in plain language They were professional and straightforward.,Business Owner,Consultation
PRA-0049,Prairie Estate Planning,"Naperville, IL",Estate Planning,Google,2026-02-22,5,I wouldn’t recommend communication was clear I’d use them again.,Business Owner,Ongoing Matter
PRA-0050,Prairie Estate Planning,"Naperville, IL",Estate Planning,Google,2025-09-22,4,I had a the outcome met expectations They were professional and straightforward.,Client,Ongoing Matter
PRA-0051,Prairie Estate Planning,"Naperville, IL",Estate Planning,Google,2025-01-03,4,"Overall, it was a the process stayed on track and everyone was professional The team was respectful and efficient.",Client,Ongoing Matter
PRA-0052,Prairie Estate Planning,"Naperville, IL",Estate Planning,Google,2026-01-05,5,I’m grateful for documents were explained in plain language I’d use them again.,Unknown,Ongoing Matter
PRA-0053,Prairie Estate Planning,"Naperville, IL",Estate Planning,Google,2025-04-05,4,"Overall, it was a documents were explained in plain language I felt listened to.",Client,Completed Matter
PRA-0054,Prairie Estate Planning,"Naperville, IL",Estate Planning,Google,2026-01-25,1,"Overall, it was a it was hard to reach anyone I felt rushed and kept in the dark.",Former Client,Appeal
PRA-0055,Prairie Estate Planning,"Naperville, IL",Estate Planning,Google,2025-11-06,5,Working with this firm was communication was clear and the process stayed on track I felt listened to.,Unknown,Consultation
PRA-0056,Prairie Estate Planning,"Naperville, IL",Estate Planning,Google,2026-03-01,4,I wouldn’t recommend responses were quick The team was respectful and efficient.,Family Member,Document Review
PRA-0057,Prairie Estate Planning,"Naperville, IL",Estate Planning,Google,2026-01-02,5,I’m grateful for the outcome met expectations They kept things moving.,Unknown,Document Review
PRA-0058,Prairie Estate Planning,"Naperville, IL",Estate Planning,Google,2025-03-16,5,"Overall, it was a the process stayed on track They kept things moving.",Former Client,Completed Matter
PRA-0059,Prairie Estate Planning,"Naperville, IL",Estate Planning,Google,2026-01-31,4,I was disappointed with responses were quick and communication was clear They kept things moving.,Unknown,Appeal
PRA-0060,Prairie Estate Planning,"Naperville, IL",Estate Planning,Google,2025-11-08,5,I had a everyone was professional and communication was clear They were professional and straightforward.,Unknown,Document Review
PRA-0061,Prairie Estate Planning,"Naperville, IL",Estate Planning,Google,2025-12-04,5,I had a the outcome met expectations and billing was explained upfront They were professional and straightforward.,Former Client,Completed Matter
PRA-0062,Prairie Estate Planning,"Naperville, IL",Estate Planning,Google,2025-12-01,4,I was disappointed with documents were explained in plain language The team was respectful and efficient.,Former Client,Completed Matter
PRA-0063,Prairie Estate Planning,"Naperville, IL",Estate Planning,Google,2026-02-01,5,My experience here was everyone was professional They kept things moving.,Unknown,Consultation
PRA-0064,Prairie Estate Planning,"Naperville, IL",Estate Planning,Google,2026-02-11,5,Working with this firm was billing was explained upfront and responses were quick They kept things moving.,Unknown,Ongoing Matter
PRA-0065,Prairie Estate Planning,"Naperville, IL",Estate Planning,Google,2024-10-06,4,"Overall, it was a communication was clear They were professional and straightforward.",Business Owner,Document Review
PRA-0066,Prairie Estate Planning,"Naperville, IL",Estate Planning,Google,2025-07-12,5,My experience here was responses were quick They kept things moving.,Business Owner,Appeal
PRA-0067,Prairie Estate Planning,"Naperville, IL",Estate Planning,Google,2026-02-16,5,My experience here was responses were quick I felt listened to.,Unknown,Consultation
PRA-0068,Prairie Estate Planning,"Naperville, IL",Estate Planning,Google,2026-01-19,4,My experience here was responses were quick I’d use them again.,Family Member,Completed Matter
PRA-0069,Prairie Estate Planning,"Naperville, IL",Estate Planning,Google,2024-11-16,5,I had a billing was explained upfront The team was respectful and efficient.,Client,Consultation
PRA-0070,Prairie Estate Planning,"Naperville, IL",Estate Planning,Google,2025-12-28,5,I had a documents were explained in plain language They kept things moving.,Former Client,Ongoing Matter
PRA-0071,Prairie Estate Planning,"Naperville, IL",Estate Planning,Google,2025-12-25,5,Working with this firm was communication was clear and everyone was professional I’d use them again.,Client,Document Review
PRA-0072,Prairie Estate Planning,"Naperville, IL",Estate Planning,Google,2025-12-13,5,Working with this firm was documents were explained in plain language and everyone was professional They were professional and straightforward.,Unknown,Ongoing Matter
PRA-0073,Prairie Estate Planning,"Naperville, IL",Estate Planning,Google,2024-10-11,5,I had a documents were explained in plain language and the process stayed on track They kept things moving.,Business Owner,Document Review
PRA-0074,Prairie Estate Planning,"Naperville, IL",Estate Planning,Google,2025-12-12,5,I’m grateful for communication was clear They kept things moving.,Former Client,Ongoing Matter
PRA-0075,Prairie Estate Planning,"Naperville, IL",Estate Planning,Google,2025-12-30,4,Working with this firm was the process stayed on track and everyone was professional They kept things moving.,Business Owner,Consultation
